Workbook

Sheet Export Summary
B3: This document was exported from Numbers. Each table was converted to an Excel worksheet. All other objects on each Numbers sheet were placed on separate worksheets. Please be aware that formula calculations may differ in Excel.
B7: Numbers Sheet Name | C7: Numbers Table Name | D7: Excel Worksheet Name
B9: Salary Sheet - Data Field
C10: Table 1 | D10: Salary Sheet - Data Field
B11: B.G.A.D.Basnayaka
C12: Table 1 | D12: B.G.A.D.Basnayaka
B13: E.A.R.H.B.Athauda
C14: Table 1 | D14: E.A.R.H.B.Athauda
B15: R.P.I.U.Rajapaksha
C16: Table 1 | D16: R.P.I.U.Rajapaksha
B17: Himashi Dissanayaka
C18: Table 1 | D18: Himashi Dissanayaka
B19: M.H.F.M.Haflal
C20: Table 1 | D20: M.H.F.M.Haflal

Sheet Salary Sheet - Data Field
B2: DATA FIELDS
B4: MONTH OF JUNE - 2022 | D4: ALLOWANCES | K4: DEDUCTION
B5: NO | C5: NAME | D5: BASIC | E5: BUDGETARY ALLOWANCE | F5: EARN SALARY | G5: TRAVELING ALLOWANCE | H5: ADDITIONAL ALLOWANCE | I5: INFLATION ADJUSTMENT | J5: GROSS SALARY | K5: EPF 8% | L5: ADVANCE | M5: STAMP DUTY | N5: TOTAL | O5: NET SALARY | Q5: EPF 12% | R5: ETF 3% | S5: EPF 20% | T5: SIGNATURE
D7: Rs. Cts. | E7: Rs. Cts. | F7: Rs. Cts. | G7: Rs. Cts. | H7: Rs. Cts. | I7: Rs. Cts. | J7: Rs. Cts. | K7: Rs. Cts. | L7: Rs. Cts. | M7: Rs. Cts. | N7: Rs. Cts. | O7: Rs. Cts. | Q7: Rs. Cts. | R7: Rs. Cts. | S7: Rs. Cts.
C8: PERMANANT STAFF
B9: 1 | C9: MS.B.G.ANUSHA DHARSHANI BASNAYAKA | D9: 46500 | E9: 3500 | F9: =SUM(D9:E9) -> 50000 | G9: =20000+5000 -> 25000 | H9: 0 | I9: 10000 | J9: =SUM(F9:I9) -> 85000 | K9: =F9*8% -> 4000 | L9: 0 | M9: 25 | N9: =SUM(K9:M9) -> 4025 | O9: =J9-N9 -> 80975 | Q9: =F9*12% -> 6000 | R9: =F9*3% -> 1500 | S9: =K9+Q9 -> 10000
C11: CONTRACT BASIS STAFF
B12: 2 | C12: MR.E.A.R.H.B.ATHAUDA | D12: 46500 | E12: 3500 | F12: =SUM(D12:E12) -> 50000 | G12: =15000+3000 -> 18000 | H12: 0 | I12: 10000 | J12: =SUM(F12:I12) -> 78000 | K12: 0 | L12: 0 | M12: 25 | N12: =SUM(K12:M12) -> 25 | O12: =J12-N12 -> 77975 | Q12: 0 | R12: 0 | S12: 0
B14: 3 | C14: MR.R.P.I.U.RAJAPAKSHA | D14: 71500 | E14: 3500 | F14: =SUM(D14:E14) -> 75000 | G14: =15000+5000+35000 -> 55000 | H14: 0 | I14: 17000 | J14: =SUM(F14:I14) -> 147000 | K14: 0 | L14: 0 | M14: 25 | N14: =SUM(K14:M14) -> 25 | O14: =J14-N14 -> 146975 | Q14: 0 | R14: 0 | S14: 0
B16: 4 | C16: MS.HIMASHI DISSANAYAKA | D16: =16500+4000 -> 20500 | E16: 3500 | F16: =SUM(D16:E16) -> 24000 | G16: =5000+3000+8000 -> 16000 | H16: 25000 | I16: 10000 | J16: =SUM(F16:I16) -> 75000 | K16: 0 | L16: 0 | M16: 25 | N16: =SUM(K16:M16) -> 25 | O16: =J16-N16 -> 74975 | Q16: 0 | R16: 0 | S16: 0
B18: 5 | C18: MR.M.H.F.M.HAFLAL | D18: 46500 | E18: 3500 | F18: =SUM(D18:E18) -> 50000 | G18: =5000+5000+7000 -> 17000 | H18: 0 | I18: 23000 | J18: =SUM(F18:I18) -> 90000 | K18: 0 | L18: 0 | M18: 25 | N18: =SUM(K18:M18) -> 25 | O18: =J18-N18 -> 89975 | Q18: 0 | R18: 0 | S18: 0
B20: TOTAL | D20: =SUM(D9:D19) -> 231500 | E20: =SUM(E9:E19) -> 17500 | F20: =SUM(F9:F19) -> 249000 | G20: =SUM(G9:G19) -> 131000 | H20: =SUM(H9:H19) -> 25000 | I20: =SUM(I9:I19) -> 70000 | J20: =SUM(J9:J19) -> 475000 | K20: =SUM(K9:K19) -> 4000 | ... O20: =SUM(O9:O19) -> 470875 | Q20: =SUM(Q9:Q19) -> 6000 | R20: =SUM(R9:R19) -> 1500 | S20: =SUM(S9:S19) -> 10000

Sheet B.G.A.D.Basnayaka
B2: STARTUP SOLUTIONS (PVT) LTD
B3: No.18, Ekwatta Road, Mirihana, Nugegoda
B4: harshanimeda@gmail.com
B5: Name : Ms.B.G.A.D.Basnayaka
B6: Designation : Software Engineer
B7: EPF No :
B8: Month : July - 2022
E10: Rs. Cts.
B11: Basic Salary | E11: ='Salary Sheet - Data Field'!D9 -> 46500
B12: Budgetary Allowance | E12: ='Salary Sheet - Data Field'!E9 -> 3500
B13: Travelling Allowance | E13: ='Salary Sheet - Data Field'!G9 -> 25000
B14: Inflation Adjustment | E14: ='Salary Sheet - Data Field'!I9 -> 10000
B16: Over Time | E16: 0
B17: Less : No Pay | E17: 0
B19: Gross Salary | E19: =SUM(E11:E18) -> 85000
B21: Deductions
B22: E.P.F. 8% | E22: ='Salary Sheet - Data Field'!K9 -> 4000
B23: Stamp Duty | E23: ='Salary Sheet - Data Field'!M9 -> 25
B24: Total Deduction | E24: =SUM(E22:E23) -> 4025
B26: Net Salary | E26: =E19-E24 -> 80975
B28: E.P.F. 12% | E28: ='Salary Sheet - Data Field'!Q9 -> 6000
B30: E.T.F. 3% | E30: ='Salary Sheet - Data Field'!R9 -> 1500
B32: 2022.06.25 | E32: …..................
B33: Date | E33: Signature

Sheet E.A.R.H.B.Athauda
B2: STARTUP SOLUTIONS (PVT) LTD
B3: No.18, Ekwatta Road, Mirihana, Nugegoda
B4: harshanimeda@gmail.com
B5: Name : Mr.E.A.R.H.B.Athauda
B6: Designation : Software Engineer
B7: Contract Basis
B8: =B.G.A.D.Basnayaka!B8 -> Month : July - 2022
E10: Rs. Cts.
B11: Basic Salary | E11: ='Salary Sheet - Data Field'!D12 -> 46500
B12: Budgetary Allowance | E12: ='Salary Sheet - Data Field'!E12 -> 3500
B13: Travelling Allowance | E13: ='Salary Sheet - Data Field'!G12 -> 18000
B14: Inflation Adjustment | E14: ='Salary Sheet - Data Field'!I12 -> 10000
B16: Over Time | E16: 0
B17: Less : No Pay | E17: 0
B19: Gross Salary | E19: =SUM(E11:E18) -> 78000
B21: Deductions
B22: E.P.F. 8% | E22: 0
B23: Stamp Duty | E23: ='Salary Sheet - Data Field'!M12 -> 25
B24: Total Deduction | E24: =SUM(E22:E23) -> 25
B26: Net Salary | E26: =E19-E24 -> 77975
B28: E.P.F. 12% | E28: ='Salary Sheet - Data Field'!Q26
B30: E.T.F. 3% | E30: ='Salary Sheet - Data Field'!R26
B32: =B.G.A.D.Basnayaka!B32 -> 2022.06.25 | E32: …..................
B33: Date | E33: Signature

Sheet R.P.I.U.Rajapaksha
B2: STARTUP SOLUTIONS (PVT) LTD
B3: No.18, Ekwatta Road, Mirihana, Nugegoda
B4: harshanimeda@gmail.com
B5: Name : Mr.R.P.I.U.Rajapaksha
B6: Designation : Software Engineer
B7: Contract Basis
B8: =E.A.R.H.B.Athauda!B8 -> Month : July - 2022
E10: Rs. Cts.
B11: Basic Salary | E11: ='Salary Sheet - Data Field'!D14 -> 71500
B12: Budgetary Allowance | E12: ='Salary Sheet - Data Field'!E14 -> 3500
B13: Travelling Allowance | E13: ='Salary Sheet - Data Field'!G14 -> 55000
B14: Inflation Adjustment | E14: ='Salary Sheet - Data Field'!I14 -> 17000
B16: Bonus | E16: 0
B17: Less : No Pay | E17: 0
B19: Gross Salary | E19: =SUM(E11:E18) -> 147000
B21: Deductions
B22: E.P.F. 8% | E22: 0
B23: Stamp Duty | E23: ='Salary Sheet - Data Field'!M14 -> 25
B24: Total Deduction | E24: =SUM(E22:E23) -> 25
B26: Net Salary | E26: =E19-E24 -> 146975
B28: E.P.F. 12% | E28: ='Salary Sheet - Data Field'!V26
B30: E.T.F. 3% | E30: ='Salary Sheet - Data Field'!W26
B32: =E.A.R.H.B.Athauda!B32 -> 2022.06.25 | E32: …..................
B33: Date | E33: Signature

Sheet Himashi Dissanayaka
B2: STARTUP SOLUTIONS (PVT) LTD
B3: No.18, Ekwatta Road, Mirihana, Nugegoda
B4: harshanimeda@gmail.com
B5: Name : Ms. Himashi Dissanayaka
B6: Designation : QA Engineer
B7: Contract Basis
B8: =R.P.I.U.Rajapaksha!B8 -> Month : July - 2022
E10: Rs. Cts.
B11: Basic Salary | E11: ='Salary Sheet - Data Field'!D16 -> 20500
B12: Budgetary Allowance | E12: ='Salary Sheet - Data Field'!E16 -> 3500
B13: Travelling Allowance | E13: ='Salary Sheet - Data Field'!G16 -> 16000
B14: Inflation Adjustment | E14: ='Salary Sheet - Data Field'!I16 -> 10000
B15: Additional Allowance | E15: ='Salary Sheet - Data Field'!H16 -> 25000
B17: Bonus | E17: 0
B18: Less : No Pay | E18: 0
B20: Gross Salary | E20: =SUM(E11:E19) -> 75000
B22: Deductions
B23: E.P.F. 8% | E23: ='Salary Sheet - Data Field'!K16 -> 0
B24: Stamp Duty | E24: ='Salary Sheet - Data Field'!M16 -> 25
B25: Total Deduction | E25: =SUM(E23:E24) -> 25
B27: Net Salary | E27: =E20-E25 -> 74975
B29: E.P.F. 12% | E29: ='Salary Sheet - Data Field'!Q16 -> 0
B31: E.T.F. 3% | E31: ='Salary Sheet - Data Field'!R16 -> 0
B33: =R.P.I.U.Rajapaksha!B32 -> 2022.06.25 | E33: …..................
B34: Date | E34: Signature

Sheet M.H.F.M.Haflal
B2: STARTUP SOLUTIONS (PVT) LTD
B3: No.18, Ekwatta Road, Mirihana, Nugegoda
B4: harshanimeda@gmail.com
B5: Name : Mr. M.H.F.Muhammed Haflal
B6: Designation : Software Engineer
B7: Contract Basis
B8: =R.P.I.U.Rajapaksha!B8 -> Month : July - 2022
E10: Rs. Cts.
B11: Basic Salary | E11: ='Salary Sheet - Data Field'!D18 -> 46500
B12: Budgetary Allowance | E12: ='Salary Sheet - Data Field'!E18 -> 3500
B13: Travelling Allowance | E13: ='Salary Sheet - Data Field'!G18 -> 17000
B14: Inflation Adjustment | E14: ='Salary Sheet - Data Field'!I18 -> 23000
B16: Bonus | E16: 0
B17: Less : No Pay | E17: 0
B19: Gross Salary | E19: =SUM(E11:E18) -> 90000
B21: Deductions
B22: E.P.F. 8% | E22: ='Salary Sheet - Data Field'!K18 -> 0
B23: Stamp Duty | E23: ='Salary Sheet - Data Field'!M18 -> 25
B24: Total Deduction | E24: =SUM(E22:E23) -> 25
B26: Net Salary | E26: =E19-E24 -> 89975
B28: E.P.F. 12% | E28: ='Salary Sheet - Data Field'!Q18 -> 0
B30: E.T.F. 3% | E30: ='Salary Sheet - Data Field'!R18 -> 0
B32: =R.P.I.U.Rajapaksha!B32 -> 2022.06.25 | E32: …..................
B33: Date | E33: Signature
